chrom	position	ref_base	depth	q20_depth	base:reads:strands:avg_qual:map_qual:plus_reads:minus_reads
chr1	35649754	T	647	634	T:451:2:42:1:308:143:183	TA	0	0	0	0	0	0	A:1:1:34:1:0:1	DEL-1-A:105:2:44:1:80:25	DEL-2-AA:19:2:43:1:11:8	DEL-3-AAA:1:1:13:1:1:0	INS-1-A:54:2:41:1:32:22	INS-2-AA:7:2:32:1:5:2	
chr1	35649768	T	669	645	T:635:2:44:1:409:226:0	T	635	2	44	1	409	226	0	A:8:2:46:1:6:2	
chr1	35649862	G	692	663	G:650:2:45:1:472:178:13	GA	0	0	0	0	0	0	DEL-1-A:7:2:38:1:3:4	INS-1-A:7:2:46:1:3:4	
chr1	35658369	A	347	308	A:307:2:37:1:154:153:0	A	307	2	37	1	154	153	0	
chr1	36937059	A	483	475	A:0:0:0:0:0:0:0	A	0	0	0	0	0	0	0	G:475:2:45:1:393:82	
chr1	115259336	T	638	572	T:567:2:36:1:518:49:0	T	567	2	36	1	518	49	0	G:5:1:24:1:0:5	
chr1	115259341	A	605	553	A:545:2:32:1:509:36:2	A	545	2	32	1	509	36	2	C:6:1:26:1:0:6	INS-2-CC:2:1:14:1:0:2	
chr2	25456633	T	356	331	T:300:2:32:1:216:84:30	TA	0	0	0	0	0	0	A:4:2:28:1:1:3	DEL-1-A:14:2:32:1:13:1	DEL-2-AA:2:1:31:1:2:0	INS-1-A:13:2:30:1:11:2	INS-2-AA:3:1:26:1:3:0	
chr2	25456643	A	471	468	A:452:2:39:1:286:166:14	AAC	0	0	0	0	0	0	DEL-2-AC:14:2:39:1:8:6	
chr2	25456645	C	447	426	C:394:2:39:1:258:136:0	C	394	2	39	1	258	136	0	A:15:2:37:1:10:5	
chr2	25456647	C	449	416	C:253:2:39:1:172:81:160	CA	0	0	0	0	0	0	A:7:2:30:1:4:3	DEL-1-A:135:2:35:1:78:57	DEL-2-AA:10:2:33:1:7:3	INS-1-A:24:2:31:1:9:15	INS-2-AA:5:2:28:1:1:4	
chr2	25456648	A	483	465	A:274:2:40:1:181:93:0	A	274	2	40	1	181	93	0	C:35:2:39:1:21:14	
chr2	25456667	C	423	396	C:303:2:37:1:180:123:81	C	303	2	37	1	180	123	81	A:11:2:27:1:8:3	DEL-1-A:33:2:39:1:16:17	DEL-2-AA:1:1:27:1:1:0	INS-1-A:48:2:33:1:23:25	INS-2-AA:5:2:30:1:4:1	
chr2	25456710	C	574	532	C:531:2:42:1:352:179:0	C	531	2	42	1	352	179	0	A:1:1:26:1:1:0	
chr2	25456718	C	592	564	C:560:2:43:1:391:169:0	C	560	2	43	1	391	169	0	A:1:1:34:1:1:0	T:2:1:23:1:2:0	
chr2	25456869	G	778	771	G:750:2:44:1:522:228:16	GA	0	0	0	0	0	0	A:5:2:49:1:4:1	DEL-1-A:8:2:52:1:5:3	INS-1-A:8:2:50:1:7:1	
chr2	25462022	C	592	583	C:384:2:49:1:249:135:0	C	384	2	49	1	249	135	0	T:199:2:50:1:147:52	
chr2	25469502	C	365	354	C:168:2:46:1:127:41:0	C	168	2	46	1	127	41	0	T:186:2:46:1:141:45	
chr2	25505023	C	886	817	C:608:2:48:1:415:193:206	CT	0	0	0	0	0	0	A:1:1:27:1:1:0	DEL-1-T:107:2:44:1:68:39	DEL-2-TT:17:2:44:1:12:5	DEL-3-TTT:1:1:30:1:0:1	INS-1-T:91:2:42:1:63:28	INS-2-TT:8:1:52:1:8:0	INS-3-TTT:2:1:38:1:2:0	T:2:1:28:1:0:2	
chr2	25536827	G	380	367	G:1:1:30:1:0:1:0	G	1	1	30	1	0	1	0	A:366:2:46:1:313:53	
chr2	198266834	T	703	686	T:464:2:47:1:290:174:0	T	464	2	47	1	290	174	0	C:222:2:49:1:130:92	INS-4-TTCA:1:1:14:1:1:0	
chr2	198270017	T	687	674	T:341:2:46:1:241:100:0	T	341	2	46	1	241	100	0	C:333:2:47:1:240:93	
chr2	209116223	A	546	517	A:516:2:36:1:448:68:0	A	516	2	36	1	448	68	0	T:1:1:27:1:0:1	
chr2	209116236	G	505	474	G:471:2:39:1:423:48:0	G	471	2	39	1	423	48	0	A:1:1:33:1:0:1	C:2:1:29:1:0:2	
chr2	209116244	A	499	453	A:451:2:34:1:417:34:0	A	451	2	34	1	417	34	0	C:2:1:32:1:0:2	
chr2	209116250	G	491	425	G:421:2:38:1:394:27:0	G	421	2	38	1	394	27	0	A:4:1:24:1:0:4	
chr3	105438957	T	783	772	T:376:2:49:1:283:93:0	T	376	2	49	1	283	93	0	G:396:2:47:1:309:87	
chr3	105439026	G	742	729	G:361:2:49:1:226:135:0	G	361	2	49	1	226	135	0	A:368:2:46:1:230:138	
chr3	128199380	G	671	642	G:327:2:40:1:223:104:0	G	327	2	40	1	223	104	0	A:315:2:38:1:238:77	
chr3	128199429	T	649	568	T:555:2:36:1:515:40:0	T	555	2	36	1	515	40	0	G:13:1:27:1:0:13	
chr3	128199662	G	797	786	G:422:2:46:1:301:121:0	G	422	2	46	1	301	121	0	A:363:2:49:1:260:103	T:1:1:30:1:1:0	
chr3	128204951	C	562	540	C:261:2:47:1:159:102:0	C	261	2	47	1	159	102	0	T:279:2:43:1:162:117	
chr3	128205860	G	302	297	G:0:0:0:0:0:0:0	G	0	0	0	0	0	0	0	C:297:2:41:1:133:164	
chr3	128206618	C	251	240	C:123:2:42:1:78:45:0	C	123	2	42	1	78	45	0	A:117:2:47:1:80:37	
chr3	128206710	T	173	167	T:0:0:0:0:0:0:0	T	0	0	0	0	0	0	0	A:1:1:57:1:1:0	G:166:2:41:1:77:89	
chr3	136056728	G	723	719	G:697:2:47:1:457:240:22	G	697	2	47	1	457	240	22	DEL-1-T:6:2:46:1:5:1	INS-1-T:16:2:43:1:12:4	INS-2-TT:1:1:71:1:1:0	
chr3	136056861	T	775	771	T:1:1:67:1:1:0:0	T	1	1	67	1	1	0	0	C:770:2:52:1:563:207	
chr3	136191272	C	447	434	C:430:2:48:1:305:125:0	C	430	2	48	1	305	125	0	A:4:1:29:1:4:0	
chr3	168801495	C	743	734	C:1:1:53:1:1:0:0	C	1	1	53	1	1	0	0	A:733:2:45:1:502:231	
